onset	duration	trial_type	response_time	sample	value	trial_index	txt_label	txt_onset_log_s	merge_note
90.0273437500	n/a	stimulus	n/a	23047.0000000000	128	1	MW_question	78.1000	stimulus_value_128_is_MW_prompt_in_EEG
93.9843750000	n/a	response	n/a	24060.0000000000	4	1	key_status_1	82.0000	aligned_by_order
96.8593750000	n/a	response	n/a	24796.0000000000	8	1	key_status_2	84.8000	aligned_by_order
100.6718750000	n/a	response	n/a	25772.0000000000	4	1	key_status_3	88.7000	aligned_by_order
189.6796875000	n/a	stimulus	n/a	48558.0000000000	128	2	MW_question	177.7000	stimulus_value_128_is_MW_prompt_in_EEG
194.8007812500	n/a	response	n/a	49869.0000000000	8	2	key_status_1	182.8000	aligned_by_order
198.5664062500	n/a	response	n/a	50833.0000000000	4	2	key_status_2	186.6000	aligned_by_order
201.8867187500	n/a	response	n/a	51683.0000000000	4	2	key_status_3	189.9000	aligned_by_order
271.8906250000	n/a	stimulus	n/a	69604.0000000000	128	3	MW_question	259.9000	stimulus_value_128_is_MW_prompt_in_EEG
275.4843750000	n/a	response	n/a	70524.0000000000	4	3	key_status_1	263.5000	aligned_by_order
277.8007812500	n/a	response	n/a	71117.0000000000	8	3	key_status_2	265.8000	aligned_by_order
281.9960937500	n/a	response	n/a	72191.0000000000	4	3	key_status_3	270.0000	aligned_by_order
333.0000000000	n/a	stimulus	n/a	85248.0000000000	128	4	MW_question	321.0000	stimulus_value_128_is_MW_prompt_in_EEG
336.1484375000	n/a	response	n/a	86054.0000000000	4	4	key_status_1	324.1000	aligned_by_order
339.0117187500	n/a	response	n/a	86787.0000000000	4	4	key_status_2	327.0000	aligned_by_order
342.6757812500	n/a	response	n/a	87725.0000000000	4	4	key_status_3	330.7000	aligned_by_order
498.6875000000	n/a	stimulus	n/a	127664.0000000000	128	5	MW_question	486.7000	stimulus_value_128_is_MW_prompt_in_EEG
502.1328125000	n/a	response	n/a	128546.0000000000	4	5	key_status_1	490.1000	aligned_by_order
504.3476562500	n/a	response	n/a	129113.0000000000	4	5	key_status_2	492.4000	aligned_by_order
506.6210937500	n/a	response	n/a	129695.0000000000	8	5	key_status_3	494.6000	aligned_by_order
556.6132812500	n/a	stimulus	n/a	142493.0000000000	128	6	MW_question	544.6000	stimulus_value_128_is_MW_prompt_in_EEG
559.9375000000	n/a	response	n/a	143344.0000000000	4	6	key_status_1	547.9000	aligned_by_order
563.2109375000	n/a	response	n/a	144182.0000000000	2	6	key_status_2	551.2000	aligned_by_order
565.6484375000	n/a	response	n/a	144806.0000000000	4	6	key_status_3	553.6000	aligned_by_order
586.6484375000	n/a	stimulus	n/a	150182.0000000000	128	7	MW_question	574.6000	stimulus_value_128_is_MW_prompt_in_EEG
591.2734375000	n/a	response	n/a	151366.0000000000	4	7	key_status_1	579.3000	aligned_by_order
594.3828125000	n/a	response	n/a	152162.0000000000	4	7	key_status_2	582.3000	aligned_by_order
597.3085937500	n/a	response	n/a	152911.0000000000	2	7	key_status_3	585.3000	aligned_by_order
709.3046875000	n/a	stimulus	n/a	181582.0000000000	128	8	MW_question	697.3000	stimulus_value_128_is_MW_prompt_in_EEG
712.1914062500	n/a	response	n/a	182321.0000000000	4	8	key_status_1	700.1000	aligned_by_order
715.7226562500	n/a	response	n/a	183225.0000000000	8	8	key_status_2	703.7000	aligned_by_order
719.9921875000	n/a	response	n/a	184318.0000000000	2	8	key_status_3	708.0000	aligned_by_order
846.9921875000	n/a	stimulus	n/a	216830.0000000000	128	9	MW_question	835.0000	stimulus_value_128_is_MW_prompt_in_EEG
850.7109375000	n/a	response	n/a	217782.0000000000	4	9	key_status_1	838.7000	aligned_by_order
853.7109375000	n/a	response	n/a	218550.0000000000	4	9	key_status_2	841.7000	aligned_by_order
857.8554687500	n/a	response	n/a	219611.0000000000	8	9	key_status_3	845.8000	aligned_by_order
1096.8398437500	n/a	stimulus	n/a	280791.0000000000	128	10	MW_question	1084.8000	stimulus_value_128_is_MW_prompt_in_EEG
1099.6523437500	n/a	response	n/a	281511.0000000000	8	10	key_status_1	1087.6000	aligned_by_order
1102.0898437500	n/a	response	n/a	282135.0000000000	2	10	key_status_2	1090.0000	aligned_by_order
1105.1914062500	n/a	response	n/a	282929.0000000000	2	10	key_status_3	1093.1000	aligned_by_order
1193.1992187500	n/a	stimulus	n/a	305459.0000000000	128	11	MW_question	1181.2000	stimulus_value_128_is_MW_prompt_in_EEG
1196.8984375000	n/a	response	n/a	306406.0000000000	8	11	key_status_1	1184.8000	aligned_by_order
1199.4843750000	n/a	response	n/a	307068.0000000000	2	11	key_status_2	1187.4000	aligned_by_order
1202.8828125000	n/a	response	n/a	307938.0000000000	4	11	key_status_3	1190.8000	aligned_by_order
1293.8789062500	n/a	stimulus	n/a	331233.0000000000	128	12	MW_question	1281.8000	stimulus_value_128_is_MW_prompt_in_EEG
1298.0390625000	n/a	response	n/a	332298.0000000000	8	12	key_status_1	1286.0000	aligned_by_order
1300.7109375000	n/a	response	n/a	332982.0000000000	2	12	key_status_2	1288.7000	aligned_by_order
1302.9023437500	n/a	response	n/a	333543.0000000000	4	12	key_status_3	1290.9000	aligned_by_order
1414.9101562500	n/a	stimulus	n/a	362217.0000000000	128	13	MW_question	1402.9000	stimulus_value_128_is_MW_prompt_in_EEG
1417.8554687500	n/a	response	n/a	362971.0000000000	4	13	key_status_1	1405.8000	aligned_by_order
1420.2226562500	n/a	response	n/a	363577.0000000000	2	13	key_status_2	1408.1000	aligned_by_order
1504.9335937500	n/a	stimulus	n/a	385263.0000000000	128	14	MW_question	1492.9000	stimulus_value_128_is_MW_prompt_in_EEG
1509.5820312500	n/a	response	n/a	386453.0000000000	4	14	key_status_1	1497.5000	aligned_by_order
1512.9726562500	n/a	response	n/a	387321.0000000000	2	14	key_status_2	1500.9000	aligned_by_order
1517.5507812500	n/a	response	n/a	388493.0000000000	8	14	key_status_3	1505.4000	aligned_by_order
1625.5507812500	n/a	stimulus	n/a	416141.0000000000	128	15	MW_question	1613.5000	stimulus_value_128_is_MW_prompt_in_EEG
1628.1914062500	n/a	response	n/a	416817.0000000000	8	15	key_status_1	1616.1000	aligned_by_order
1630.4960937500	n/a	response	n/a	417407.0000000000	2	15	key_status_2	1618.4000	aligned_by_order
1634.1328125000	n/a	response	n/a	418338.0000000000	2	15	key_status_3	1622.1000	aligned_by_order
1720.1406250000	n/a	stimulus	n/a	440356.0000000000	128	16	MW_question	1708.1000	stimulus_value_128_is_MW_prompt_in_EEG
1723.8476562500	n/a	response	n/a	441305.0000000000	8	16	key_status_1	1711.8000	aligned_by_order
1726.7773437500	n/a	response	n/a	442055.0000000000	2	16	key_status_2	1714.7000	aligned_by_order
1729.8398437500	n/a	response	n/a	442839.0000000000	2	16	key_status_3	1717.8000	aligned_by_order
1778.8320312500	n/a	stimulus	n/a	455381.0000000000	128	17	MW_question	1766.8000	stimulus_value_128_is_MW_prompt_in_EEG
1783.6679687500	n/a	response	n/a	456619.0000000000	8	17	key_status_1	1771.5000	aligned_by_order
1785.8359375000	n/a	response	n/a	457174.0000000000	2	17	key_status_2	1773.8000	aligned_by_order
1789.2617187500	n/a	response	n/a	458051.0000000000	2	17	key_status_3	1777.1000	aligned_by_order
1851.2656250000	n/a	stimulus	n/a	473924.0000000000	128	18	MW_question	1839.2000	stimulus_value_128_is_MW_prompt_in_EEG
1854.6210937500	n/a	response	n/a	474783.0000000000	8	18	key_status_1	1842.5000	aligned_by_order
1858.0859375000	n/a	response	n/a	475670.0000000000	2	18	key_status_2	1846.0000	aligned_by_order
2012.3984375000	n/a	stimulus	n/a	515174.0000000000	128	19	MW_question	2000.3000	stimulus_value_128_is_MW_prompt_in_EEG
2017.7031250000	n/a	response	n/a	516532.0000000000	8	19	key_status_1	2005.6000	aligned_by_order
2020.2851562500	n/a	response	n/a	517193.0000000000	2	19	key_status_2	2008.1000	aligned_by_order
2023.1601562500	n/a	response	n/a	517929.0000000000	2	19	key_status_3	2011.0000	aligned_by_order
2077.1054687500	n/a	stimulus	n/a	531739.0000000000	128	20	MW_question	2065.0000	stimulus_value_128_is_MW_prompt_in_EEG
2081.5742187500	n/a	response	n/a	532883.0000000000	8	20	key_status_1	2069.5000	aligned_by_order
2085.6757812500	n/a	response	n/a	533933.0000000000	2	20	key_status_2	2073.6000	aligned_by_order
2089.1757812500	n/a	response	n/a	534829.0000000000	2	20	key_status_3	2077.0000	aligned_by_order
2194.1835937500	n/a	stimulus	n/a	561711.0000000000	128	21	MW_question	2182.1000	stimulus_value_128_is_MW_prompt_in_EEG
2197.6289062500	n/a	response	n/a	562593.0000000000	8	21	key_status_1	2185.5000	aligned_by_order
2200.8906250000	n/a	response	n/a	563428.0000000000	2	21	key_status_2	2188.8000	aligned_by_order
2203.7578125000	n/a	response	n/a	564162.0000000000	2	21	key_status_3	2191.6000	aligned_by_order
2263.7617187500	n/a	stimulus	n/a	579523.0000000000	128	22	MW_question	2251.6000	stimulus_value_128_is_MW_prompt_in_EEG
2267.5195312500	n/a	response	n/a	580485.0000000000	4	22	key_status_1	2255.4000	aligned_by_order
2270.8750000000	n/a	response	n/a	581344.0000000000	2	22	key_status_2	2258.7000	aligned_by_order
2273.6054687500	n/a	response	n/a	582043.0000000000	4	22	key_status_3	2261.4000	aligned_by_order
2301.6054687500	n/a	stimulus	n/a	589211.0000000000	128	23	MW_question	2289.5000	stimulus_value_128_is_MW_prompt_in_EEG
2305.1210937500	n/a	response	n/a	590111.0000000000	4	23	key_status_1	2293.0000	aligned_by_order
2308.4570312500	n/a	response	n/a	590965.0000000000	2	23	key_status_2	2296.3000	aligned_by_order
2311.6523437500	n/a	response	n/a	591783.0000000000	2	23	key_status_3	2299.5000	aligned_by_order
2495.4609375000	n/a	stimulus	n/a	638838.0000000000	128	24	MW_question	2483.3000	stimulus_value_128_is_MW_prompt_in_EEG
2498.9804687500	n/a	response	n/a	639739.0000000000	8	24	key_status_1	2486.8000	aligned_by_order
2502.3750000000	n/a	response	n/a	640608.0000000000	2	24	key_status_2	2490.2000	aligned_by_order
2504.8125000000	n/a	response	n/a	641232.0000000000	2	24	key_status_3	2492.6000	aligned_by_order
